asof,ticker,smirk,otm_call_oi,otm_call_oi_d5
2026-08-05,AAOI,-0.30908125854492274,13088.0,
2026-08-05,ABCL,0.3359358203125,11272.0,
2026-08-05,ABNB,0.3808574707031249,2252.0,
2026-08-05,ABUS,-0.7617196484375001,2636.0,
2026-08-05,ABX,,1012.0,
2026-08-05,ACA,0.6873763928222659,40.0,
2026-08-05,ACDC,,350.0,
2026-08-05,ACHV,-0.3710900390625001,2350.0,
2026-08-05,ACIC,-0.38085556640625,70.0,
2026-08-05,ACIW,1.1586859252929682,72.0,
2026-08-05,ACLS,0.01562492187500042,592.0,
2026-08-05,ACMR,0.14844197021484362,2388.0,
2026-08-05,ACRS,0.5546847265625003,916.0,
2026-08-05,ACT,,0.0,
2026-08-05,AD,,20.0,
2026-08-05,ADMA,0.17968570312499998,3936.0,
2026-08-05,ADNT,0.11620977539062483,1722.0,
2026-08-05,ADV,,0.0,
2026-08-05,AES,-0.023437265624999926,0.0,
2026-08-05,AEVA,0.3749981250000003,3746.0,
2026-08-05,AFL,0.02050760742187513,1426.0,
2026-08-05,AGL,0.16821204956054703,232.0,
2026-08-05,AGO,0.0009765527343750247,46.0,
2026-08-05,AHR,,610.0,
2026-08-05,AIG,,268.0,
2026-08-05,AIP,0.0888667431640624,684.0,
2026-08-05,AKAM,0.2114299951171874,2334.0,
2026-08-05,ALB,0.4941381542968746,3558.0,
2026-08-05,ALL,0.17846501220703148,2066.0,
2026-08-05,ALM,1.023436640625,2048.0,
2026-08-05,ALNT,-0.44408735595703125,122.0,
2026-08-05,ALRM,0.2187478125,0.0,
2026-08-05,AMLX,0.4501987939453127,226.0,
2026-08-05,AMN,0.187498125,168.0,
2026-08-05,AMPH,0.13476427734375007,334.0,
2026-08-05,AMPL,0.08398395507812495,1134.0,
2026-08-05,AMPX,0.37499625000000003,1254.0,
2026-08-05,AMR,0.48974693969726557,1672.0,
2026-08-05,AMRZ,0.21410918701171888,228.0,
2026-08-05,AMSC,-1.062007658691406,4446.0,
2026-08-05,ANAB,0.762695354003906,546.0,
2026-08-05,ANIP,-0.3767052172851563,120.0,
2026-08-05,AORT,-0.17675692871093718,550.0,
2026-08-05,APA,0.4550802148437496,11890.0,
2026-08-05,APLE,0.5966788769531253,850.0,
2026-08-05,APP,-1.154903952026367,9926.0,
2026-08-05,APPN,0.06640591796874995,6042.0,
2026-08-05,AQN,-1.53124359375,0.0,
2026-08-05,ARDX,1.410155419921875,6296.0,
2026-08-05,ARHS,0.5234390625,2224.0,
2026-08-05,ARKO,,0.0,
2026-08-05,ARLO,-0.45312046875000006,376.0,
2026-08-05,ARQT,0.187498125,786.0,
2026-08-05,ARRY,0.0859370703125002,5458.0,
2026-08-05,ARTV,0.023437265625000148,27.0,
2026-08-05,ARW,0.22790299438476547,136.0,
2026-08-05,ASIX,-0.058593164062499925,326.0,
2026-08-05,ASND,-0.34569966796875,2502.0,
2026-08-05,ASTE,,0.0,
2026-08-05,ASTH,0.1840811108398439,76.0,
2026-08-05,ATEN,-0.4858349853515625,1870.0,
2026-08-05,ATI,0.03832969482421855,1560.0,
2026-08-05,ATMU,-0.2929658203125001,2.0,
2026-08-05,ATO,,206.0,
2026-08-05,ATS,0.062499374999999996,74.0,
2026-08-05,AUGO,0.94725615234375,286.0,
2026-08-05,AUPH,-0.4062459375000001,3462.0,
2026-08-05,AVNT,,16.0,
2026-08-05,AVPT,-0.4335894140625001,934.0,
2026-08-05,AVT,0.3793963159179683,1426.0,
2026-08-05,AWR,0.4487259814453124,182.0,
2026-08-05,AXON,-1.331355706481933,1194.0,
2026-08-05,BAM,0.2680637255859376,1124.0,
2026-08-05,BATRA,0.187498125,22.0,
2026-08-05,BATRK,0.2187478125,966.0,
2026-08-05,BBD,1.5507820898437497,168.0,
2026-08-05,BBDC,-0.45312046875,2.0,
2026-08-05,BBSI,,0.0,
2026-08-05,BCE,0.2705051074218752,930.0,
2026-08-05,BCO,0.0,308.0,
2026-08-05,BCRX,-0.4277300976562501,7178.0,
2026-08-05,BDX,0.3151823950195314,1840.0,
2026-08-05,BFS,,8.0,
2026-08-05,BHF,0.007324145507812602,118.0,
2026-08-05,BKH,-0.3623010644531252,2136.0,
2026-08-05,BKSY,0.010742133789062525,5550.0,
2026-08-05,BKV,0.48535349609375,288.0,
2026-08-05,BLBD,0.18359191406249997,482.0,
2026-08-05,BLFS,0.187498125,2098.0,
2026-08-05,BLLN,0.2976098071289064,46.0,
2026-08-05,BLMN,0.3105494531250004,162.0,
2026-08-05,BMRN,0.5390624072265626,1794.0,
2026-08-05,BNT,0.27489959472656245,0.0,
2026-08-05,BOBS,-1.249995,122.0,
2026-08-05,BROS,-0.03124984374999995,4916.0,
2026-08-05,BSY,-0.4199176757812501,844.0,
2026-08-05,BTG,-0.8281233593749995,1096.0,
2026-08-05,BUR,,2296.0,
2026-08-05,BVS,1.197259794921875,0.0,
2026-08-05,BWA,-0.27221407470703113,6126.0,
2026-08-05,BXSL,0.3203092968749999,25540.0,
2026-08-05,CACI,-0.34338035522460947,242.0,
2026-08-05,CAI,-0.7343676562500001,5262.0,
2026-08-05,CAPL,,46.0,
2026-08-05,CARG,-0.5673771386718749,404.0,
2026-08-05,CARS,0.32812757812500004,144.0,
2026-08-05,CART,1.457030327148437,964.0,
2026-08-05,CBL,-0.16821120849609372,0.0,
2026-08-05,CCOI,-0.03515607421875,2006.0,
2026-08-05,CCSI,0.2187478125,8.0,
2026-08-05,CCU,,0.0,
2026-08-05,CDE,0.48437015625,7314.0,
2026-08-05,CDRE,0.9150408642578127,84.0,
2026-08-05,CDW,0.5812930151367188,4874.0,
2026-08-05,CECO,0.14160085449218718,470.0,
2026-08-05,CEG,1.0693407348632809,7802.0,
2026-08-05,CELH,1.4999926562500001,16808.0,
2026-08-05,CENT,,0.0,
2026-08-05,CENTA,,0.0,
2026-08-05,CENX,0.02832002929687505,1566.0,
2026-08-05,CF,0.7675781884765622,3640.0,
2026-08-05,CG,0.2568333691406248,4084.0,
2026-08-05,CGBD,1.23632544921875,714.0,
2026-08-05,CGEM,-0.8496063769531252,156.0,
2026-08-05,CGNX,0.01757794921875,4684.0,
2026-08-05,CGON,0.2243641125488276,2189.0,
2026-08-05,CHH,0.4719191088867188,1858.0,
2026-08-05,CHRD,0.6519766809082033,1358.0,
2026-08-05,CHYM,0.321285849609375,31118.0,
2026-08-05,CIM,,1871.0,
2026-08-05,CLDX,1.163083364257812,76.0,
2026-08-05,CLMT,0.04199176757812506,14836.0,
2026-08-05,CLOV,-1.0624971874999998,10986.0,
2026-08-05,CLSK,0.20312398437500012,45094.0,
2026-08-05,CMP,0.49609472167968716,184.0,
2026-08-05,CMPS,0.005859316406249926,26130.0,
2026-08-05,CNQ,-0.002929658203125074,5664.0,
2026-08-05,CNR,0.27563200927734366,3572.0,
2026-08-05,COKE,-0.36034795898437516,746.0,
2026-08-05,COLD,0.007812421874999975,3348.0,
2026-08-05,COLL,,534.0,
2026-08-05,CON,0.7475578759765621,100.0,
2026-08-05,COP,0.6206049267578126,2664.0,
2026-08-05,COR,0.19390675231933607,966.0,
2026-08-05,CPA,0.1000966552734377,2200.0,
2026-08-05,CPAY,-0.2083414224243164,12.0,
2026-08-05,CPK,0.055907644042968774,12.0,
2026-08-05,CPRI,0.34472311523437493,23378.0,
2026-08-05,CPS,0.17089758300781255,310.0,
2026-08-05,CQP,-0.2709933837890624,96.0,
2026-08-05,CRAI,0.6352526806640626,14.0,
2026-08-05,CRCL,0.32031539062500003,45940.0,
2026-08-05,CRL,0.15295257202148438,26.0,
2026-08-05,CRON,0.37499625000000003,3962.0,
2026-08-05,CRSR,0.24804563476562502,6812.0,
2026-08-05,CRTO,0.5302733691406252,202.0,
2026-08-05,CRUS,0.025390371093749975,414.0,
2026-08-05,CRVS,0.035160957031249995,3014.0,
2026-08-05,CSV,0.5561538525390627,22.0,
2026-08-05,CTKB,,0.0,
2026-08-05,CTMX,-1.2734317578124998,1940.0,
2026-08-05,CTRE,0.31933274414062507,1316.0,
2026-08-05,CVS,0.23437265625,15518.0,
2026-08-05,CVSA,0.922842333984375,484.0,
2026-08-05,CW,0.23177868804931634,288.0,
2026-08-05,CWEN,-0.31737963867187496,428.0,
2026-08-05,CWK,-0.14843601562499997,2638.0,
2026-08-05,CWST,-0.42846251220703124,10.0,
2026-08-05,CXT,0.23437265625,8.0,
2026-08-05,CXW,0.0571283349609375,23246.0,
2026-08-05,CYD,0.2187478125,104.0,
2026-08-05,CYRX,0.21680033203125004,4130.0,
2026-08-05,CYTK,0.22436299072265609,19512.0,
2026-08-05,DAN,0.33691069335937485,228.0,
2026-08-05,DASH,0.1052240832519531,11596.0,
2026-08-05,DAVE,-0.08581500061035152,904.0,
2026-08-05,DBX,1.6074205615234374,28300.0,
2026-08-05,DCBO,-0.3349635302734375,168.0,
2026-08-05,DCH,-0.8437470312500002,1252.0,
2026-08-05,DCO,0.19653123779296855,8.0,
2026-08-05,DDOG,-0.0742183789062496,6248.0,
2026-08-05,DFTX,-0.019042873535156657,9890.0,
2026-08-05,DGII,0.2187478125,28.0,
2026-08-05,DHT,-0.31249687500000006,20342.0,
2026-08-05,DIOD,0.9623978442382816,78.0,
2026-08-05,DIS,0.6044861425781249,21430.0,
2026-08-05,DK,0.437257353515625,1580.0,
2026-08-05,DKL,0.8881807055664064,406.0,
2026-08-05,DKNG,1.2773440429687506,58854.0,
2026-08-05,DLX,-0.397456962890625,3946.0,
2026-08-05,DMLP,0.16894362304687505,492.0,
2026-08-05,DNA,0.298826630859375,1078.0,
2026-08-05,DNLI,0.9335844140625,342.0,
2026-08-05,DNOW,-0.257809921875,1628.0,
2026-08-05,DNTH,0.34936174072265613,48.0,
2026-08-05,DNUT,,1510.0,
2026-08-05,DOCS,0.2187478125,3348.0,
2026-08-05,DOX,-0.4243121630859377,428.0,
2026-08-05,DRVN,-0.16015544921874958,92.0,
2026-08-05,DSGR,0.10937390625,0.0,
2026-08-05,DT,0.029784858398437475,5810.0,
2026-08-05,DUOL,1.7831942871093749,3188.0,
2026-08-05,DV,0.32226785156249993,0.0,
2026-08-05,DXPE,0.6339115185546873,56.0,
2026-08-05,EBAY,0.037109189453125024,4368.0,
2026-08-05,ECPG,-0.47558118164062496,4.0,
2026-08-05,ECVT,,504.0,
2026-08-05,ED,0.516596396484375,5304.0,
2026-08-05,EE,0.3159148095703125,328.0,
2026-08-05,EFC,0.66211009765625,194.0,
2026-08-05,EFXT,0.1357415087890621,738.0,
2026-08-05,EGY,0.6054692187499996,4340.0,
2026-08-05,EHC,-0.01586898193359365,1800.0,
2026-08-05,ELA,0.2187478125,18.0,
2026-08-05,ELAN,0.23437265625,118.0,
2026-08-05,ELF,1.5527266894531249,3804.0,
2026-08-05,EMA,0.4287133276367182,198.0,
2026-08-05,ENOV,-0.34619326904296877,86.0,
2026-08-05,EOSE,1.2499965625,32058.0,
2026-08-05,EPAM,0.09692285888671859,1624.0,
2026-08-05,EPC,-0.04150349121093755,186.0,
2026-08-05,EQX,-0.36913693359375,3328.0,
2026-08-05,ERO,0.3251972900390627,26970.0,
2026-08-05,ESAB,0.43383882324218737,4.0,
2026-08-05,ESE,0.10937390625,42.0,
2026-08-05,ESNT,,12.0,
2026-08-05,ESTA,-0.6384213500976561,4398.0,
2026-08-05,ETSY,0.11426232910156253,7518.0,
2026-08-05,EVCM,-0.6308530664062499,30.0,
2026-08-05,EVEX,0.0703121484375,0.0,
2026-08-05,EVGO,,0.0,
2026-08-05,EVRG,0.8110322167968752,1516.0,
2026-08-05,EWTX,0.011230356445312561,606.0,
2026-08-05,EXEL,0.23925541992187493,7760.0,
2026-08-05,EXPE,0.049316159667968984,662.0,
2026-08-05,EXTR,0.3007782421874998,1346.0,
2026-08-05,EYPT,0.35546786132812613,0.0,
2026-08-05,EZPW,0.2187478125,604.0,
2026-08-05,FA,-1.111323818359375,448.0,
2026-08-05,FDUS,-0.6611262011718749,28.0,
2026-08-05,FG,0.2187478125,22.0,
2026-08-05,FIG,-1.7011713720703117,54772.0,
2026-08-05,FIGS,,846.0,
2026-08-05,FISV,0.7089808300781253,5241.0,
2026-08-05,FIVN,0.05957001464843725,3170.0,
2026-08-05,FLNC,-0.09960887695312493,45992.0,
2026-08-05,FLR,0.10253803710937492,33456.0,
2026-08-05,FLUT,0.47460462890625,14154.0,
2026-08-05,FNF,-0.2241188525390625,1520.0,
2026-08-05,FOUR,-0.05956971679687495,3298.0,
2026-08-05,FOX,-0.45263219238281255,56.0,
2026-08-05,FOXA,-0.3625452026367189,78.0,
2026-08-05,FOXF,0.8671885009765621,3220.0,
2026-08-05,FROG,-0.020019431152344058,3176.0,
2026-08-05,FRPT,0.5717778686523434,42.0,
2026-08-05,FSK,-0.08203042968749996,414.0,
2026-08-05,FSLY,-0.30078049804687534,4504.0,
2026-08-05,FSM,-0.41210525390625014,11212.0,
2026-08-05,FTDR,-0.5917909570312501,80.0,
2026-08-05,FUBO,0.671871640625,2832.0,
2026-08-05,FUN,0.058593164062500036,5664.0,
2026-08-05,FWONA,,4.0,
2026-08-05,FWONK,0.36621246582031275,2202.0,
2026-08-05,G,-0.35058243164062514,84.0,
2026-08-05,GAIN,,3420.0,
2026-08-05,GCT,-0.7016531396484373,856.0,
2026-08-05,GDRX,-0.8125007812499999,0.0,
2026-08-05,GEL,0.25195570312499993,54.0,
2026-08-05,GEN,-0.29345409667968764,942.0,
2026-08-05,GENI,,3180.0,
2026-08-05,GEO,0.052245571289062376,31306.0,
2026-08-05,GERN,,0.0,
2026-08-05,GFF,-0.3449672534179688,0.0,
2026-08-05,GFS,0.001464829101562537,8186.0,
2026-08-05,GHM,0.24170187744140614,24.0,
2026-08-05,GHRS,1.2954063720703122,34.0,
2026-08-05,GILT,0.0703168164062501,448.0,
2026-08-05,GLIBK,0.3242213867187498,6800.0,
2026-08-05,GLP,0.7446273974609374,50.0,
2026-08-05,GLUE,0.20605365722656233,782.0,
2026-08-05,GLXY,-0.47265152343749994,14960.0,
2026-08-05,GMAB,0.7246096533203126,6046.0,
2026-08-05,GMED,0.1054676953125,8190.0,
2026-08-05,GNK,-0.3046844531250001,6634.0,
2026-08-05,GNL,,382.0,
2026-08-05,GNW,-0.5273384765625,288.0,
2026-08-05,GOGO,0.2695340820312506,1088.0,
2026-08-05,GOLF,,40.0,
2026-08-05,GOOD,-0.5331977929687501,16.0,
2026-08-05,GPCR,0.014160085449219206,683.0,
2026-08-05,GPGI,-0.33788724609374987,58.0,
2026-08-05,GPN,0.1762677685546875,10772.0,
2026-08-05,GPRE,0.13476427734374996,8206.0,
2026-08-05,GRAL,0.25928018310546896,1016.0,
2026-08-05,GRDN,,24.0,
2026-08-05,GRND,-0.4316363085937502,1494.0,
2026-08-05,GRNT,,106.0,
2026-08-05,GROY,-1.04687390625,4480.0,
2026-08-05,GRPN,-0.020507709960937648,14068.0,
2026-08-05,GSAT,0.4887646435546876,430.0,
2026-08-05,GSBD,0.47655773437500015,46.0,
2026-08-05,GSL,0.3120085986328126,2042.0,
2026-08-05,GT,0.007812421874999975,21138.0,
2026-08-05,GTM,-1.5781263476562497,18710.0,
2026-08-05,HAE,-0.5219674365234375,0.0,
2026-08-05,HALO,0.2187478125,424.0,
2026-08-05,HASI,0.187498125,992.0,
2026-08-05,HCC,0.2187478125,350.0,
2026-08-05,HCI,-0.25878647460937504,34.0,
2026-08-05,HE,-0.05273384765625,5184.0,
2026-08-05,HELP,0.30469001953124997,1019.0,
2026-08-05,HEPS,1.7265629882812494,0.0,
2026-08-05,HG,,1269.0,
2026-08-05,HGTY,0.41015810546875,100.0,
2026-08-05,HHH,-0.2080057324218751,3178.0,
2026-08-05,HIMX,-0.8925749121093751,15594.0,
2026-08-05,HLF,-1.4374953125,288.0,
2026-08-05,HLX,0.7109367382812496,10.0,
2026-08-05,HMC,0.04589797851562505,954.0,
2026-08-05,HMN,,0.0,
2026-08-05,HONA,-0.00988759643554693,4058.0,
2026-08-05,HP,0.19531054687499982,650.0,
2026-08-05,HPP,,4046.0,
2026-08-05,HRTG,-0.5307564111328125,6.0,
2026-08-05,HSBC,0.4687453125,821.0,
2026-08-05,HST,0.9111297509765623,166.0,
2026-08-05,HUBG,0.187498125,1212.0,
2026-08-05,HUBS,-0.014770433959961249,2508.0,
2026-08-05,HWM,1.3818291064453123,2330.0,
2026-08-05,IAG,0.2187478125,3428.0,
2026-08-05,IBOC,,0.0,
2026-08-05,IBP,-0.512812254638672,134.0,
2026-08-05,ICFI,,0.0,
2026-08-05,ICL,,0.0,
2026-08-05,ICUI,-0.4276080285644532,8.0,
2026-08-05,IEP,,9524.0,
2026-08-05,IIIV,-0.3837852246093751,0.0,
2026-08-05,IMCR,0.0800773242187498,0.0,
2026-08-05,IMKTA,0.5373537353515626,40.0,
2026-08-05,IMNM,0.4160182519531249,28.0,
2026-08-05,IMVT,-0.02392554199218766,104.0,
2026-08-05,INDI,0.39062304687500005,6226.0,
2026-08-05,INMD,0.187498125,2227.0,
2026-08-05,INN,0.29687203124999983,43.0,
2026-08-05,INOD,2.095698002929687,4246.0,
2026-08-05,INSM,-0.0578607495117186,7588.0,
2026-08-05,INTR,-0.0312496874999999,0.0,
2026-08-05,INVA,,260.0,
2026-08-05,IONQ,-0.11328068359374988,29210.0,
2026-08-05,IOVA,-0.6796904882812498,6732.0,
2026-08-05,IRM,1.1718721484374996,8576.0,
2026-08-05,IRTC,0.23486093261718743,1054.0,
2026-08-05,IRWD,,3440.0,
2026-08-05,ITT,-0.26867407104492197,242.0,
2026-08-05,JANX,0.25390371093749986,2272.0,
2026-08-05,JHX,-0.25585681640624997,124.0,
2026-08-05,JJSF,0.7958968188476564,400.0,
2026-08-05,JOBY,-0.9140604296875001,17614.0,
2026-08-05,KD,-0.04687453125000007,4980.0,
2026-08-05,KDK,,842.0,
2026-08-05,KDP,0.08349525878906261,28566.0,
2026-08-05,KELYA,-0.39355271972656225,22.0,
2026-08-05,KGS,,2580.0,
2026-08-05,KHC,0.7421855468750003,85856.0,
2026-08-05,KLIC,-0.6838310522460935,2394.0,
2026-08-05,KMPR,1.6103532202148427,20.0,
2026-08-05,KMT,-0.0087890185546875,88.0,
2026-08-05,KNTK,,478.0,
2026-08-05,KOP,0.5122077441406246,28.0,
2026-08-05,KRMN,-0.1269570776367187,2918.0,
2026-08-05,KRO,-0.46093968750000003,0.0,
2026-08-05,KRP,0.2734347656250002,48.0,
2026-08-05,KURA,-2.07031294921875,2440.0,
2026-08-05,KVUE,-0.0039062109374999876,1044.0,
2026-08-05,KVYO,0.0039062304687498273,2692.0,
2026-08-05,KYMR,0.502441954345703,330.0,
2026-08-05,LAMR,0.2528050891113282,684.0,
2026-08-05,LASR,2.2841740942382813,278.0,
2026-08-05,LB,0.25780992187499985,1566.0,
2026-08-05,LCII,0.23119885986328137,10.0,
2026-08-05,LEG,,1426.0,
2026-08-05,LEGH,,28.0,
2026-08-05,LEU,0.0751998925781252,5996.0,
2026-08-05,LFST,-0.61132201171875,10070.0,
2026-08-05,LGND,0.33001378967285144,102.0,
2026-08-05,LILA,,110.0,
2026-08-05,LILAK,,54.0,
2026-08-05,LINE,-0.07470628417968739,250.0,
2026-08-05,LION,0.031249687500000012,27366.0,
2026-08-05,LIVN,,12.0,
2026-08-05,LLY,0.033507965698242215,15580.0,
2026-08-05,LLYVA,-0.35546519531250015,1.0,
2026-08-05,LLYVK,,5958.0,
2026-08-05,LNG,0.6713862890624999,2106.0,
2026-08-05,LNTH,0.1628401684570313,386.0,
2026-08-05,LOAR,-0.4243121630859377,26.0,
2026-08-05,LOCO,,18.0,
2026-08-05,LOMA,0.17187328125,106.0,
2026-08-05,LPG,-0.26464579101562496,2368.0,
2026-08-05,LPX,0.23437265625,1900.0,
2026-08-05,LQDT,,16.0,
2026-08-05,LTC,-0.17089672851562498,2454.0,
2026-08-05,LXRX,0.2187478125,0.0,
2026-08-05,LYFT,-0.011718691406249926,10280.0,
2026-08-05,LZ,-0.6913993359374999,78.0,
2026-08-05,MAIN,-0.15331877929687499,2564.0,
2026-08-05,MARA,-0.03515607421875,147302.0,
2026-08-05,MATV,0.6074228125000001,56.0,
2026-08-05,MATW,0.8212877343749998,1032.0,
2026-08-05,MBGL,,78.0,
2026-08-05,MBX,0.40258587768554666,74.0,
2026-08-05,MCHP,0.41015419921875007,4032.0,
2026-08-05,MCK,0.10874830215454118,2012.0,
2026-08-05,MDA,0.2187478125,474.0,
2026-08-05,MDLN,0.20019331054687495,7151.0,
2026-08-05,MDU,0.22070091796875002,24.0,
2026-08-05,MELI,-0.08987872543334996,1320.0,
2026-08-05,MET,-0.07202076416015618,1766.0,
2026-08-05,MFA,-0.1640608593750002,277.0,
2026-08-05,MFC,0.12304564453125,180.0,
2026-08-05,MFIC,,32.0,
2026-08-05,MGEE,-0.1323228955078125,32.0,
2026-08-05,MGNI,-0.020507607421875074,11252.0,
2026-08-05,MGY,0.39355075195312517,462.0,
2026-08-05,MIAX,-0.7368090380859376,752.0,
2026-08-05,MIRM,,198.0,
2026-08-05,MITK,0.002929658203124963,614.0,
2026-08-05,MKSI,0.1077875469970706,1710.0,
2026-08-05,MLCO,-0.74803939453125,18.0,
2026-08-05,MLR,,30.0,
2026-08-05,MMI,1.1249985400390627,20.0,
2026-08-05,MMS,0.5239260131835939,0.0,
2026-08-05,MNKD,0.9687510937499995,826.0,
2026-08-05,MNR,1.3691419921874999,2626.0,
2026-08-05,MNST,0.15771326660156254,5896.0,
2026-08-05,MP,0.3974589501953121,6412.0,
2026-08-05,MRNA,1.5996111914062494,47996.0,
2026-08-05,MRVI,0.0,484.0,
2026-08-05,MSDL,,3204.0,
2026-08-05,MSI,0.13348255187988306,260.0,
2026-08-05,MTDR,0.31103204589843736,7108.0,
2026-08-05,MTRN,0.2812471875,14.0,
2026-08-05,MTSI,0.0250853237915043,2912.0,
2026-08-05,MTW,-0.5156198437500001,0.0,
2026-08-05,MUR,0.3471644970703124,3950.0,
2026-08-05,MUSA,0.13686996917724625,694.0,
2026-08-05,MUX,0.42187647460937505,2124.0,
2026-08-05,MWA,-0.6386654882812499,234.0,
2026-08-05,NAMS,-0.624017197265625,438.0,
2026-08-05,NATL,,0.0,
2026-08-05,NAVI,0.6816398046875001,682.0,
2026-08-05,NB,1.4687498046874998,6500.0,
2026-08-05,NET,-1.0095189367675783,5746.0,
2026-08-05,NEXA,0.32421550781249986,16418.0,
2026-08-05,NFGC,,0.0,
2026-08-05,NGVC,1.0795900146484367,46.0,
2026-08-05,NHC,-0.4503128796386719,17.0,
2026-08-05,NHP,,28.0,
2026-08-05,NI,0.03222624023437509,7710.0,
2026-08-05,NICE,0.17358224853515636,4430.0,
2026-08-05,NNI,,0.0,
2026-08-05,NNN,-0.12451047363281248,2178.0,
2026-08-05,NOG,0.5400390332031253,18350.0,
2026-08-05,NOVT,0.1547836083984374,206.0,
2026-08-05,NRDS,0.12499874999999999,862.0,
2026-08-05,NSIT,0.4316414233398437,150.0,
2026-08-05,NTCT,,38.0,
2026-08-05,NTGR,-0.6484310156249999,138.0,
2026-08-05,NTLA,0.2500028320312503,8584.0,
2026-08-05,NTR,0.9824198730468748,1176.0,
2026-08-05,NTRA,-0.006591730957031139,4975.0,
2026-08-05,NUVB,0.0,2252.0,
2026-08-05,NVAX,-0.9921850390624998,2466.0,
2026-08-05,NVMI,-1.4893836163330072,1970.0,
2026-08-05,NVO,2.31738076171875,22972.0,
2026-08-05,NVST,0.187498125,1394.0,
2026-08-05,NWN,,12.0,
2026-08-05,NWS,,1306.0,
2026-08-05,NWSA,0.16015464843750005,70.0,
2026-08-05,NXST,0.23156506713867175,186.0,
2026-08-05,NYT,0.12499875000000005,5208.0,
2026-08-05,O,0.29687203125000006,13992.0,
2026-08-05,OBDC,,5572.0,
2026-08-05,OC,0.03454555297851569,490.0,
2026-08-05,OCSL,0.44140183593750004,2316.0,
2026-08-05,OFRM,-0.632806171875,62.0,
2026-08-05,OGC,-0.44823770507812516,64.0,
2026-08-05,OKLO,1.59764833984375,21372.0,
2026-08-05,OMDA,-0.7402269726562499,302.0,
2026-08-05,ONC,0.23528817443847666,928.0,
2026-08-05,ONT,-0.8076143994140625,4.0,
2026-08-05,ONTO,0.20977678314208958,2664.0,
2026-08-05,ORA,0.5649357568359376,290.0,
2026-08-05,OSCR,0.04492165039062512,9030.0,
2026-08-05,OTEX,0.1533239746093753,2174.0,
2026-08-05,OUST,-0.20117137207031233,5798.0,
2026-08-05,OUT,,12950.0,
2026-08-05,OXY,0.8437415625,54194.0,
2026-08-05,PAA,0.7402347851562499,862.0,
2026-08-05,PAGP,0.370113486328125,2537.0,
2026-08-05,PAR,-0.03515607421875,248.0,
2026-08-05,PAYC,-0.027099338378906213,1726.0,
2026-08-05,PAYO,-0.12890496093749998,36.0,
2026-08-05,PAYS,0.12499874999999999,444.0,
2026-08-05,PBH,-0.12499874999999999,0.0,
2026-08-05,PBR,1.9531238671875,4216.0,
2026-08-05,PCT,0.28906177734375005,4596.0,
2026-08-05,PCVX,0.9448222631835934,208.0,
2026-08-05,PDFS,-0.8676726928710938,1822.0,
2026-08-05,PENN,0.3105490820312502,2718.0,
2026-08-05,PGNY,0.15967142089843744,1350.0,
2026-08-05,PH,0.2639133764648438,752.0,
2026-08-05,PK,0.4433603710937499,234.0,
2026-08-05,PKOH,,0.0,
2026-08-05,PLNT,0.04833936035156261,7992.0,
2026-08-05,PLSE,1.126462978515625,74.0,
2026-08-05,PLTK,,0.0,
2026-08-05,PNTG,1.1518534619140626,32.0,
2026-08-05,PODD,-1.928219710693359,812.0,
2026-08-05,POST,0.35791184814453114,48.0,
2026-08-05,POWI,1.3154231884765621,616.0,
2026-08-05,PPL,-0.024413818359375006,27922.0,
2026-08-05,PR,0.1562484375,8348.0,
2026-08-05,PRAA,-0.09570264648437532,6.0,
2026-08-05,PRAX,0.46496654968261686,530.0,
2026-08-05,PRDO,0.187498125,774.0,
2026-08-05,PRGO,0.3906264648437502,12578.0,
2026-08-05,PRI,0.6045526013183593,0.0,
2026-08-05,PRMB,0.23437265625,40550.0,
2026-08-05,PRME,,0.0,
2026-08-05,PRSU,,2.0,
2026-08-05,PRTH,,90.0,
2026-08-05,PRVA,1.2382753710937495,490.0,
2026-08-05,PSIX,0.02490221923828173,1154.0,
2026-08-05,PSX,1.23583576171875,888.0,
2026-08-05,PTGX,0.17480818847656265,2466.0,
2026-08-05,PTON,-0.23437910156249964,7716.0,
2026-08-05,PTRN,-0.8974577001953126,194.0,
2026-08-05,PUBM,0.37499625000000003,1776.0,
2026-08-05,PZZA,0.3408232617187499,12248.0,
2026-08-05,QBTS,0.08789018554687522,23128.0,
2026-08-05,QDEL,-0.20312398437500012,422.0,
2026-08-05,QGEN,0.39941553222656245,98312.0,
2026-08-05,QNST,-0.632806171875,246.0,
2026-08-05,QSR,-0.10717666259765618,5448.0,
2026-08-05,RAMP,-0.237302314453125,2096.0,
2026-08-05,RAPP,0.696290041503906,34.0,
2026-08-05,RCAT,0.007812460937500321,9074.0,
2026-08-05,RCUS,-0.25586261718750003,44.0,
2026-08-05,RDN,0.8071274414062503,178.0,
2026-08-05,RDW,0.14453052734375005,12944.0,
2026-08-05,REAL,-0.7832004589843753,8738.0,
2026-08-05,RELY,0.23437265625,1418.0,
2026-08-05,REPL,1.5117205664062494,6768.0,
2026-08-05,REPX,,2624.0,
2026-08-05,RGA,-0.20519814331054692,352.0,
2026-08-05,RGLD,0.05273384765625011,1944.0,
2026-08-05,RGNX,0.3281268554687501,1044.0,
2026-08-05,RGTI,-0.011718691406250148,34950.0,
2026-08-05,RHP,0.5036620983886718,44.0,
2026-08-05,RIG,0.68750125,7900.0,
2026-08-05,RIOT,0.16406656250000007,65926.0,
2026-08-05,RKT,0.4687453125,33454.0,
2026-08-05,RL,-0.28039270385742204,412.0,
2026-08-05,RLAY,1.5546798046874999,294.0,
2026-08-05,RLJ,0.7499985937499999,0.0,
2026-08-05,RLMD,,0.0,
2026-08-05,RMD,0.05584660949707021,1116.0,
2026-08-05,RMR,,142.0,
2026-08-05,ROAD,0.2187478125,498.0,
2026-08-05,ROCK,0.8076161572265623,12.0,
2026-08-05,ROIV,0.8828114160156246,94.0,
2026-08-05,ROKU,-0.04199176757812517,346.0,
2026-08-05,ROOT,-0.8300752246093752,1394.0,
2026-08-05,RPC,,2.0,
2026-08-05,RPRX,-0.6196227099609375,1450.0,
2026-08-05,RRX,0.15051119018554682,1930.0,
2026-08-05,RSG,-0.2657444128417968,4334.0,
2026-08-05,RUN,-1.3828080859375,8186.0,
2026-08-05,RVMD,0.008178629150390693,1028.0,
2026-08-05,RXO,0.3476582714843752,4648.0,
2026-08-05,RXRX,2.65625015625,9938.0,
2026-08-05,RYN,0.187498125,1136.0,
2026-08-05,SABR,0.9531246875000001,1462.0,
2026-08-05,SAFT,0.23437265625,36.0,
2026-08-05,SARO,0.38085556640625007,30.0,
2026-08-05,SATL,,11934.0,
2026-08-05,SBET,0.7968753125000001,10830.0,
2026-08-05,SBGI,,1716.0,
2026-08-05,SBLK,0.1166980517578125,8086.0,
2026-08-05,SD,0.5917967382812499,476.0,
2026-08-05,SDGR,0.380861494140625,1462.0,
2026-08-05,SEDG,-1.574221494140625,5960.0,
2026-08-05,SEI,-0.040771280517577946,7208.0,
2026-08-05,SEZL,-0.06286589660644593,5000.0,
2026-08-05,SG,0.281249296875,2474.0,
2026-08-05,SGI,0.1984843432617186,43648.0,
2026-08-05,SHAK,0.3427717236328123,15532.0,
2026-08-05,SHAZ,-0.024413940429687475,25946.0,
2026-08-05,SHC,1.0419899999999997,2888.0,
2026-08-05,SHO,,14.0,
2026-08-05,SHOP,0.5017092797851563,11694.0,
2026-08-05,SII,0.2187478125,657.0,
2026-08-05,SITM,-0.0937190138244628,1104.0,
2026-08-05,SKM,-0.52929158203125,14838.0,
2026-08-05,SLF,-0.10107320800781239,854.0,
2026-08-05,SLN,,15.0,
2026-08-05,SLVM,0.3681655664062502,140.0,
2026-08-05,SM,-0.34277000976562516,11268.0,
2026-08-05,SMA,0.062499374999999996,356.0,
2026-08-05,SMR,0.0,44974.0,
2026-08-05,SN,0.34191552612304704,7332.0,
2026-08-05,SNDK,-1.316981999053955,28422.0,
2026-08-05,SNEX,-0.3588831298828126,278.0,
2026-08-05,SOBO,0.5068362109375002,7170.0,
2026-08-05,SOLV,0.17700018310546883,176.0,
2026-08-05,SOUN,-0.0624996874999999,70492.0,
2026-08-05,SPB,-0.3364224169921875,4.0,
2026-08-05,SPH,-0.09374906249999992,662.0,
2026-08-05,SPT,0.1640616796875003,392.0,
2026-08-05,SR,,328.0,
2026-08-05,SRE,0.15209808837890637,10938.0,
2026-08-05,SRPT,1.0312511621093743,1878.0,
2026-08-05,SRRK,0.16015464843750005,10706.0,
2026-08-05,STE,0.16857741577148433,10.0,
2026-08-05,STEP,0.13525255371093736,4.0,
2026-08-05,STWD,0.08984285156249999,5070.0,
2026-08-05,SVC,,0.0,
2026-08-05,SVV,,38.0,
2026-08-05,SWX,,16.0,
2026-08-05,SYM,-1.4492140039062504,3018.0,
2026-08-05,SYNA,0.24536442871093755,1144.0,
2026-08-05,TAP,0.2822237402343748,4088.0,
2026-08-05,TARS,0.23437265625,1112.0,
2026-08-05,TASK,0.0,10784.0,
2026-08-05,TBLA,,634.0,
2026-08-05,TDAY,0.7656252734374998,868.0,
2026-08-05,TDS,-0.070311796875,770.0,
2026-08-05,TDUP,0.0,780.0,
2026-08-05,TEAM,-0.4648471655273436,4222.0,
2026-08-05,TECX,1.5903336840820304,3232.0,
2026-08-05,TFPM,-0.31737963867187496,898.0,
2026-08-05,TFX,-0.3480189807128908,644.0,
2026-08-05,TGB,0.03906210937499999,6928.0,
2026-08-05,TGLS,0.13085806640624997,387.0,
2026-08-05,TIC,,876.0,
2026-08-05,TIGO,-0.49242671630859375,12718.0,
2026-08-05,TILE,0.10937390625,0.0,
2026-08-05,TLN,0.9689944177246095,2858.0,
2026-08-05,TM,-0.159056026611328,315.0,
2026-08-05,TNC,,0.0,
2026-08-05,TNDM,0.0,1504.0,
2026-08-05,TPC,-0.7167897070312501,324.0,
2026-08-05,TPL,0.35033829345703127,1998.0,
2026-08-05,TRAX,-1.0004845288085937,20.0,
2026-08-05,TRGP,-0.20129193237304693,8666.0,
2026-08-05,TRI,0.06274351318359384,2004.0,
2026-08-05,TRIN,0.22851333984375,7.0,
2026-08-05,TRIP,0.08984330078124958,808.0,
2026-08-05,TRLV,-1.48047017578125,1484.0,
2026-08-05,TRNO,,6.0,
2026-08-05,TROX,-0.19141001953125025,1106.0,
2026-08-05,TRUP,0.23144299804687496,1864.0,
2026-08-05,TRVI,-0.7724583251953125,1182.0,
2026-08-05,TS,0.00024413818359381168,1024.0,
2026-08-05,TTD,-0.09570264648437465,23696.0,
2026-08-05,TTMI,-0.012573179321289318,12032.0,
2026-08-05,TTWO,0.07495079711914099,3980.0,
2026-08-05,TWLO,1.8408111865234376,6416.0,
2026-08-05,TXG,0.037114174804687816,2052.0,
2026-08-05,TXRH,-0.22607195800781243,10.0,
2026-08-05,U,-0.14257741210937547,13028.0,
2026-08-05,UA,0.37499625000000003,2380.0,
2026-08-05,UAA,0.2265655468750003,2394.0,
2026-08-05,UBER,0.5341743457031249,96572.0,
2026-08-05,UE,,2.0,
2026-08-05,UGI,-0.33007482421875006,516.0,
2026-08-05,UHAL,0.47851686035156216,84.0,
2026-08-05,UMAC,-0.25976497558593703,1028.0,
2026-08-05,UMH,-0.1328111718749999,90.0,
2026-08-05,URGN,-0.04248025634765629,76.0,
2026-08-05,USFD,0.2835665002441406,608.0,
2026-08-05,USPH,-0.5991151025390624,320.0,
2026-08-05,UTHR,-1.3559602587890622,6078.0,
2026-08-05,UTI,-0.6913993359374999,350.0,
2026-08-05,UTZ,0.062499374999999996,306.0,
2026-08-05,UUUU,0.1523429882812497,3796.0,
2026-08-05,UVV,0.360347958984375,3186.0,
2026-08-05,UWMC,-0.9999974999999999,0.0,
2026-08-05,VAC,0.2070291796874998,1148.0,
2026-08-05,VAL,0.13525255371093736,6574.0,
2026-08-05,VCTR,0.23437265625,44.0,
2026-08-05,VECO,0.29248358886718717,1614.0,
2026-08-05,VEL,0.12499874999999999,254.0,
2026-08-05,VIA,1.1152345507812498,152.0,
2026-08-05,VIAV,1.2011659472656249,5248.0,
2026-08-05,VIR,0.021484160156249987,286.0,
2026-08-05,VISN,-0.34569966796875,19522.0,
2026-08-05,VITL,-0.10937941406250018,2540.0,
2026-08-05,VNT,1.0058574951171873,78.0,
2026-08-05,VPG,-6.087885202636721,364.0,
2026-08-05,VRDN,0.18555065429687512,90.0,
2026-08-05,VRRM,0.023437382812499852,0.0,
2026-08-05,VSEC,0.8207925732421876,108.0,
2026-08-05,VSH,-0.8022433325195315,31578.0,
2026-08-05,VSNT,-0.3022430712890625,2898.0,
2026-08-05,VST,0.19629266601562467,23476.0,
2026-08-05,VSTM,0.187498125,988.0,
2026-08-05,VTEX,,76.0,
2026-08-05,VTRS,-0.26366923828124994,7684.0,
2026-08-05,VVV,1.1171825390624996,926.0,
2026-08-05,VYX,0.4472663867187501,0.0,
2026-08-05,WBD,-0.34179345703124997,10750.0,
2026-08-05,WBI,0.13183461914062478,22.0,
2026-08-05,WD,0.43554786621093755,154.0,
2026-08-05,WDC,-0.04418923217773418,14178.0,
2026-08-05,WEAV,-0.03515607421875,1990.0,
2026-08-05,WEN,0.6562467187500001,12806.0,
2026-08-05,WES,0.10204976074218752,3028.0,
2026-08-05,WEST,0.2187478125,10.0,
2026-08-05,WLDN,-0.7675755371093751,740.0,
2026-08-05,WMG,0.6943289941406251,574.0,
2026-08-05,WMK,0.062499374999999996,1.0,
2026-08-05,WMS,-0.32018722778320313,58.0,
2026-08-05,WPM,-0.19824020507812512,50.0,
2026-08-05,WRBY,-0.20898333007812497,260.0,
2026-08-05,WSC,0.038085556640625184,1076.0,
2026-08-05,WTI,0.08593707031249997,1750.0,
2026-08-05,WTS,-0.1444687701416016,24.0,
2026-08-05,WULF,0.09374953124999985,100612.0,
2026-08-05,XENE,0.43701296386718747,4936.0,
2026-08-05,XERS,,592.0,
2026-08-05,XMAX,,0.0,
2026-08-05,XNCR,1.7060545458984373,636.0,
2026-08-05,XNDU,0.6914089257812499,1428.0,
2026-08-05,XPEL,-0.34277000976562516,46.0,
2026-08-05,XRAY,0.15624843749999973,982.0,
2026-08-05,XXI,,1708.0,
2026-08-05,XYZ,0.48437015625,10498.0,
2026-08-05,YELP,0.10644424804687502,3096.0,
2026-08-05,YOU,-0.0026855200195311513,1066.0,
2026-08-05,Z,0.009277250976562512,9706.0,
2026-08-05,ZBH,0.23437265625,2322.0,
2026-08-05,ZD,0.2187478125,22.0,
2026-08-05,ZG,-0.6166930517578124,2924.0,
2026-08-05,ZLAB,-0.4804639453125,382.0,
2026-08-05,ZTS,-0.431880446777344,17634.0,
2026-08-05,ZVRA,0.16406615234375022,1066.0,
2026-08-05,ZYME,-0.68554001953125,266.0,
